{"_step":90,"return":133.9,"_wandb":{"runtime":3},"_runtime":3.310631292,"_timestamp":1.755505744895494e+09}