{"_step":100,"return":281.2,"_timestamp":1.755506387592881e+09,"_wandb":{"runtime":3},"_runtime":3.349615167}