{"_wandb":{"runtime":22},"_runtime":22.043947291,"_step":180,"return":11415.2,"_timestamp":1.7555064147609541e+09}