{"_runtime":30.040454834,"_step":200,"return":16752,"_timestamp":1.7555064519098501e+09,"_wandb":{"runtime":30}}