{"return":1346.7,"_timestamp":1.7555064711567621e+09,"_step":190,"_wandb":{"runtime":99},"_runtime":99.403615625}