{"_runtime":15.426605958,"return":10001.7,"_timestamp":1.755506235843552e+09,"_step":180,"_wandb":{"runtime":15}}